{
  "Component.js": 1604497053000,
  "i18n/i18n.properties": 1604497053000,
  "model/models.js": 1604497053000,
  "model/formatter.js": 1604497053000,
  "controller/Worklist.controller.js": 1604517200000,
  "controller/Object.controller.js": 1604497053000,
  "controller/NotFound.controller.js": 1604497053000,
  "controller/ErrorHandler.js": 1604497053000,
  "controller/BaseController.js": 1604497053000,
  "controller/App.controller.js": 1604497053000,
  "manifest.json": 1604573933014,
  "manifest-bundle.zip": 1604573932658,
  "Component-preload.js": 1604573932939,
  "model/models-dbg.js": 1604497053000,
  "model/formatter-dbg.js": 1604497053000,
  "controller/Worklist-dbg.controller.js": 1604517200000,
  "controller/Object-dbg.controller.js": 1604497053000,
  "controller/NotFound-dbg.controller.js": 1604497053000,
  "controller/ErrorHandler-dbg.js": 1604497053000,
  "controller/BaseController-dbg.js": 1604497053000,
  "controller/App-dbg.controller.js": 1604497053000,
  "Component-dbg.js": 1604497053000,
  "resources.json": 1604573933023,
  "view/Worklist.view.xml": 1604517218000,
  "view/ObjectNotFound.view.xml": 1604497053000,
  "view/Object.view.xml": 1604498284000,
  "view/NotFound.view.xml": 1604498284000,
  "view/App.view.xml": 1604498284000,
  "test.html": 1604497053000,
  "index.html": 1604497053000
}